1,FallCheck,0,-30,0,
1,Line,0,0.683541,4.18097,10,1.62542,0.5,
1,BOX,0,0,35,8,1,80,0,0,0,0.8,0.01
1,PLAYER,-1.7176,1,0,0,0.8,0.02,1,0
1,PLAYER,2.30292,1,69.7671,0,0.8,0.02,1,1
1,Area1,0,0.5,29.5,8,0.1,3,0,0,0,
1,Area2,0,0.5,37.4976,8,0.1,3,0,0,0,
1,Area3,0,0.5,35,8,0.1,2,0,0,0,
1,BOX,4.5,0.5,35,1,2,80,0,0,0,0.8,0.02
1,BOX,-4.5,0.5,35,1,2,80,0,0,0,0.8,0.02
1,BOX,0,0.5,-5.5,10,2,1,0,0,0,0.8,0.02
1,Area2,0,0.5,32.5,8,0.1,3,0,0,0,
1,Area1,0,0.5,40.5,8,0.1,3,0,0,0,
1,BOX,0,0.5,75,10,2,1,0,0,0,0.8,0.02
